<?xml version="1.0" encoding="UTF-8"?>
<beans xmlns="http://www.springframework.org/schema/beans"
	xmlns:xsi="http://www.w3.org/2001/XMLSchema-instance"
	xmlns:mybatis-spring="http://mybatis.org/schema/mybatis-spring"
	xsi:schemaLocation="http://mybatis.org/schema/mybatis-spring http://mybatis.org/schema/mybatis-spring-1.2.xsd
		http://www.springframework.org/schema/beans https://www.springframework.org/schema/beans/spring-beans.xsd">
	
	<!-- Root Context: defines shared resources visible to all other web components -->


<!-- DB관련 설정 -->
        <bean id="dataSource" class="org.springframework.jdbc.datasource.DriverManagerDataSource">
                <property name="driverClassName" value="oracle.jdbc.OracleDriver"/>
                <property name="url" value="jdbc:oracle:thin:@//localhost:1521/xe"/>
                <property name="username" value="PCSYS"/>
                <property name="password" value="1111"/>
        </bean>
        
        <!-- Mybatis-spring -->
        <bean id="sqlSessionFactory" class="org.mybatis.spring.SqlSessionFactoryBean">
                  <property name="dataSource" ref="dataSource"/>
                  <property name="configLocation" value="classpath:/mybatis-config.xml" ></property>
        </bean>

        <!-- namespace - mybatis-spring 체크 -->
        <mybatis-spring:scan base-package="com.pcConSystem.dao"/>                
		
</beans>
